{"accuracy": 0.7560975609756098, "confusion_matrix": [[0, 60], [0, 186]], "classification_report": {"Down": {"precision": 0.0, "recall": 0.0, "f1-score": 0.0, "support": 60.0}, "Up": {"precision": 0.7560975609756098, "recall": 1.0, "f1-score": 0.8611111111111112, "support": 186.0}, "accuracy": 0.7560975609756098, "macro avg": {"precision": 0.3780487804878049, "recall": 0.5, "f1-score": 0.4305555555555556, "support": 246.0}, "weighted avg": {"precision": 0.5716835217132659, "recall": 0.7560975609756098, "f1-score": 0.6510840108401085, "support": 246.0}}, "cv_mean": 0.6292682926829268, "cv_std": 0.08352723821660094, "cv_folds": [0.5560975609756098, 0.551219512195122, 0.6, 0.6634146341463415, 0.775609756097561], "train_size": 984, "test_size": 246}