{"accuracy": 0.6341463414634146, "confusion_matrix": [[0, 90], [0, 156]], "classification_report": {"Down": {"precision": 0.0, "recall": 0.0, "f1-score": 0.0, "support": 90.0}, "Up": {"precision": 0.6341463414634146, "recall": 1.0, "f1-score": 0.7761194029850746, "support": 156.0}, "accuracy": 0.6341463414634146, "macro avg": {"precision": 0.3170731707317073, "recall": 0.5, "f1-score": 0.3880597014925373, "support": 246.0}, "weighted avg": {"precision": 0.40214158239143366, "recall": 0.6341463414634146, "f1-score": 0.49217327994175464, "support": 246.0}}, "cv_mean": 0.5970731707317074, "cv_std": 0.08200927096065368, "cv_folds": [0.4682926829268293, 0.6341463414634146, 0.6878048780487804, 0.5365853658536586, 0.6585365853658537], "train_size": 984, "test_size": 246}