{"accuracy": 0.6463414634146342, "confusion_matrix": [[0, 87], [0, 159]], "classification_report": {"Down": {"precision": 0.0, "recall": 0.0, "f1-score": 0.0, "support": 87.0}, "Up": {"precision": 0.6463414634146342, "recall": 1.0, "f1-score": 0.7851851851851852, "support": 159.0}, "accuracy": 0.6463414634146342, "macro avg": {"precision": 0.3231707317073171, "recall": 0.5, "f1-score": 0.3925925925925926, "support": 246.0}, "weighted avg": {"precision": 0.4177572873289708, "recall": 0.6463414634146342, "f1-score": 0.5074977416440831, "support": 246.0}}, "cv_mean": 0.5921951219512196, "cv_std": 0.08166034325011348, "cv_folds": [0.4682926829268293, 0.6097560975609756, 0.6829268292682927, 0.5317073170731708, 0.6682926829268293], "train_size": 984, "test_size": 246}