{"accuracy": 0.7682926829268293, "confusion_matrix": [[0, 57], [0, 189]], "classification_report": {"Down": {"precision": 0.0, "recall": 0.0, "f1-score": 0.0, "support": 57.0}, "Up": {"precision": 0.7682926829268293, "recall": 1.0, "f1-score": 0.8689655172413793, "support": 189.0}, "accuracy": 0.7682926829268293, "macro avg": {"precision": 0.38414634146341464, "recall": 0.5, "f1-score": 0.43448275862068964, "support": 246.0}, "weighted avg": {"precision": 0.5902736466389055, "recall": 0.7682926829268293, "f1-score": 0.6676198486122792, "support": 246.0}}, "cv_mean": 0.624390243902439, "cv_std": 0.0933225681449219, "cv_folds": [0.5414634146341464, 0.5365853658536586, 0.6, 0.6536585365853659, 0.7902439024390244], "train_size": 984, "test_size": 246}