{"accuracy": 0.7317073170731707, "confusion_matrix": [[0, 66], [0, 180]], "classification_report": {"Down": {"precision": 0.0, "recall": 0.0, "f1-score": 0.0, "support": 66.0}, "Up": {"precision": 0.7317073170731707, "recall": 1.0, "f1-score": 0.8450704225352113, "support": 180.0}, "accuracy": 0.7317073170731707, "macro avg": {"precision": 0.36585365853658536, "recall": 0.5, "f1-score": 0.4225352112676056, "support": 246.0}, "weighted avg": {"precision": 0.5353955978584176, "recall": 0.7317073170731707, "f1-score": 0.6183442116111302, "support": 246.0}}, "cv_mean": 0.6136585365853658, "cv_std": 0.07801218654323434, "cv_folds": [0.5463414634146342, 0.5317073170731708, 0.5951219512195122, 0.6487804878048781, 0.7463414634146341], "train_size": 984, "test_size": 246}