{"accuracy": 0.6260162601626016, "confusion_matrix": [[0, 92], [0, 154]], "classification_report": {"Down": {"precision": 0.0, "recall": 0.0, "f1-score": 0.0, "support": 92.0}, "Up": {"precision": 0.6260162601626016, "recall": 1.0, "f1-score": 0.77, "support": 154.0}, "accuracy": 0.6260162601626016, "macro avg": {"precision": 0.3130081300813008, "recall": 0.5, "f1-score": 0.385, "support": 246.0}, "weighted avg": {"precision": 0.3918963579879701, "recall": 0.6260162601626016, "f1-score": 0.4820325203252032, "support": 246.0}}, "cv_mean": 0.5931707317073172, "cv_std": 0.08247221153329976, "cv_folds": [0.47317073170731705, 0.6390243902439025, 0.6829268292682927, 0.5170731707317073, 0.6536585365853659], "train_size": 984, "test_size": 246}